INSERT INTO emotions (id, emotion) VALUES
  (1, "amused"),
  (2, "sad"),
  (3, "excited"),
  (4, "uplifted"),
  (5, "scared"),
  (6, "inspired"),
  (7, "joyful"),
  (8, "weird"),
  (9, "sentimental");

INSERT INTO movies (id, title, poster_path, runtime, release_date, imdb_id) VALUES
  (1, "Captain America: Civil War", "rDT86hJCxnoOs4ARjrCiRej7pOi.jpg", 146, "2016-04-27", "tt3498820"),
  (2, "Zootopia", "pKop1BcfgHzaN26EnhqLmjVP6LQ.jpg", 108, "2016-03-04", "tt2948356"),
  (3, "Star Wars: The Force Awakens", "weUSwMdQIa3NaXVzwUoIIcAi85d.jpg", 136, "2015-12-16", "tt2488496"),
  (4, "Mad Max: Fury Road", "sARK4uNacjUY4ACu0QjQPG0OUmW.jpg", 120, "2015-05-14", "tt1392190"),
  (5, "The Boy", "nY8jTN68Mhdqu06U9qtqIHr5o85.jpg", 97, "2016-01-22", "tt3882082"),
  (6, "The Notebook", "gMfstesBXKdsHToAUXVPHujUDfb.jpg", 123, "2004-06-25", "tt0332280"),
  (7, "Titanic", "f9iH7Javzxokvnkiz2yHD1dcmUy.jpg", 194, "1998-01-09", "tt0120338"),
  (8, "Raiders of the Lost Ark", "44sKJOGP3fTm4QXBcIuqu0RkdP7.jpg", 115, "1981-06-12", "tt0082971"),
  (9, "Rush", "cjEepHZOZAwmK6nAj5jis6HV75E.jpg", 123, "2013-10-02", "tt1979320"),
  (10, "The Human Centipede (The First Sequence)", "rhy5WMyLVmYQ9PfEM60pg25E3TL.jpg", 92, "2009-04-26", "tt1467304"),
  (11, "(500) Days of Summer", "5SjtNPD1bb182vzQccvEUpXHFjN.jpg", 95, "2009-07-17", "tt1022603"),
  (12, "Spectre", "jR9tBigjRLIwDdycTc8LQZQYAtl.jpg", 148, "2015-11-05", "tt2379713"),
  (13, "Silver Linings Playbook", "ilrZAV2klTB0FLxLb01bOp5pzD9.jpg", 122, "2012-12-25", "tt1045658"),
  (14, "The Hangover", "eshEkiG7NmU4ekA8CtpIdYiYufZ.jpg", 100, "2009-06-05", "tt1119646"),
  (15, "Ghostbusters", "3FS3oBdorgczgfCkFi2u8ZTFfpS.jpg", 107, "1984-06-07", "tt0087332"),
  (16, "Deadpool", "inVq3FRqcYIRl2la8iZikYYxFNR.jpg", 108, "2016-02-10", "tt1431045"),
  (17, "The Hunger Games", "iLJdwmzrHFjFwI5lvYAT1gcpRuA.jpg", 142, "2012-03-23", "tt1392170"),
  (18, "Frozen", "jIjdFXKUNtdf1bwqMrhearpyjMj.jpg", 102, "2013-11-27", "tt2294629"),
  (19, "The Dark Knight", "1hRoyzDtpgMU7Dz4JF22RANzQO7.jpg", 152, "2008-07-18", "tt0468569"),
  (20, "Before Sunrise", "9NBjDNPHA6SkThIweOs8iCfsA8a.jpg", 105, "1995-01-27", "tt0112471");

INSERT INTO reviews (id, movie_id, emotion_id, review_date) VALUES
  (1, 1, 3, "2016-07-04"),
  (2, 20, 9, "2004-05-22"),
  (3, 2, 1, "2016-03-12"),
  (4, 19, 3, "2009-08-19"),
  (5, 3, 3, "2015-12-25"),
  (6, 18, 1, "2014-01-30"),
  (7, 4, 3, "2015-12-15"),
  (8, 17, 3, "2013-12-13"),
  (9, 5, 5, "2016-04-07"),
  (10, 16, 7, "2016-02-14"),
  (11, 6, 2, "2012-07-23"),
  (12, 15, 5, "2014-05-28"),
  (13, 7, 2, "2005-06-16"),
  (14, 14, 7, "2009-06-20"),
  (15, 8, 3, "1982-06-12"),
  (16, 13, 4, "2012-12-30"),
  (17, 9, 6, "2013-10-17"),
  (18, 12, 3, "2015-12-14"),
  (19, 10, 8, "2009-06-21"),
  (20, 11, 4, "2009-07-28"),
  (21, 16, 3, "2016-03-30"),
  (22, 3, 6, "2016-02-20");

INSERT INTO persons (id, full_name) VALUES
  (1, "Ryan Gosling"),
  (2, "Robert Downey Jr."),
  (3, "Chris Evans"),
  (4, "Scarlett Johansson"),
  (5, "Sebastian Stan"),
  (6, "Ryan Reynolds"),
  (7, "Morena Baccarin"),
  (8, "T.J. Miller"),
  (9, "Ed Skrein"),
  (10, "Ginnifer Goodwin"),
  (11, "Jason Bateman"),
  (12, "Idris Elba"),
  (13, "Shakira"),
  (14, "Daisy Ridley"),
  (15, "John Boyega"),
  (16, "Adam Driver"),
  (17, "Harrison Ford"),
  (18, "J.J. Abrams"),
  (19, "Byron Howard"),
  (20, "Rich Moore"),
  (21, "Jared Bush"),
  (22, "Anthony Russo"),
  (23, "Joe Russo"),
  (24, "Tim Miller"),
  (25, "Rachel McAdams"),
  (26, "Gena Rowlands"),
  (27, "Nick Cassavetes"),
  (28, "Tom Hardy"),
  (29, "Charlize Theron"),
  (30, "Hugh Keays-Byrne"),
  (31, "Nicholas Hoult"),
  (32, "George Miller"),
  (33, "Lauren Cohan"),
  (34, "Rupert Evans"),
  (35, "William Brent Bell"),
  (36, "Kate Winslet"),
  (37, "Leonardo DiCaprio"),
  (38, "Frances Fisher"),
  (39, "James Cameron"),
  (40, "Karen Allen"),
  (41, "Paul Freeman"),
  (42, "Steven Spielberg"),
  (43, "Daniel Brühl"),
  (44, "Chris Hemsworth"),
  (45, "Olivia Wilde"),
  (46, "Ron Howard"),
  (47, "Dieter Laser"),
  (48, "Ashley C. Williams"),
  (49, "Ashlynn Yennie"),
  (50, "Marc Webb"),
  (51, "Joseph Gordon-Levitt"),
  (52, "Zooey Deschanel"),
  (53, "Chloe Garce Moretz"),
  (54, "Geoffrey Arend"),
  (55, "Daniel Craig"),
  (56, "Sam Mendes"),
  (57, "Christoph Waltz"),
  (58, "Lea Seydoux"),
  (59, "Ralph Fiennes"),
  (60, "David O. Russell"),
  (61, "Bradley Cooper"),
  (62, "Jennifer Lawrence"),
  (63, "Robert De Niro"),
  (64, "Ed Helms"),
  (65, "Zach Galifianakis"),
  (66, "Justin Bartha"),
  (67, "Todd Phillips"),
  (68, "Bill Murray"),
  (69, "Ivan Reitman"),
  (70, "Dan Aykroyd"),
  (71, "Sigourney Weaver"),
  (72, "Gary Ross"),
  (73, "Josh Hutcherson"),
  (74, "Liam Hemsworth"),
  (75, "Woody Harrelson"),
  (76, "Chris Buck"),
  (77, "Jennifer Lee"),
  (78, "Kristen Bell"),
  (79, "Idina Menzel"),
  (80, "Jonathan Groff"),
  (81, "Josh Gad"),
  (82, "Christopher Nolan"),
  (83, "Christian Bale"),
  (84, "Heath Ledger"),
  (85, "Aaron Eckhart"),
  (86, "Michael Caine"),
  (87, "Ethan Hawke"),
  (88, "Richard Linklater"),
  (89, "Julie Delpy"),
  (90, "Tim Six");

INSERT INTO movie_persons (movie_id, person_id, credit_order) VALUES
  (1, 2, 1),
  (1, 3, 2),
  (1, 4, 3),
  (1, 5, 4),
  (1, 22, null),
  (1, 23, null),
  (2, 10, 1),
  (2, 11, 2),
  (2, 12, 3),
  (2, 13, 4),
  (2, 19, null),
  (2, 20, null),
  (2, 21, null),
  (3, 14, 1),
  (3, 15, 2),
  (3, 16, 3),
  (3, 17, 4),
  (3, 18, null),
  (4, 28, 1),
  (4, 29, 2),
  (4, 30, 3),
  (4, 31, 4),
  (4, 32, null),
  (5, 33, 1),
  (5, 34, 1),
  (5, 35, null),
  (6, 1, 1),
  (6, 25, 2),
  (6, 26, 3),
  (6, 27, null),
  (7, 36, 1),
  (7, 37, 2),
  (7, 38, 3),
  (7, 39, null),
  (8, 17, 1),
  (8, 40, 2),
  (8, 41, 3),
  (8, 42, null),
  (9, 43, 1),
  (9, 44, 2),
  (9, 45, 3),
  (9, 46, null),
  (10, 47, 1),
  (10, 48, 2),
  (10, 49, 3),
  (10, 90, null),
  (11, 51, 1),
  (11, 52, 2),
  (11, 53, 3),
  (11, 54, 4),
  (11, 50, null),
  (12, 55, 1),
  (12, 57, 2),
  (12, 58, 3),
  (12, 59, 4),
  (12, 56, null),
  (13, 61, 1),
  (13, 62, 2),
  (13, 63, 3),
  (13, 60, null),
  (14, 61, 1),
  (14, 64, 2),
  (14, 65, 3),
  (14, 66, 4),
  (14, 67, null),
  (15, 68, 1),
  (15, 70, 2),
  (15, 71, 3),
  (15, 69, null),
  (16, 6, 1),
  (16, 7, 1),
  (16, 8, 1),
  (16, 9, 1),
  (16, 24, null),
  (17, 62, 1),
  (17, 73, 2),
  (17, 74, 3),
  (17, 75, 4),
  (17, 72, null),
  (18, 78, 1),
  (18, 79, 2),
  (18, 80, 3),
  (18, 81, 4),
  (18, 76, null),
  (18, 77, null),
  (19, 83, 1),
  (19, 84, 2),
  (19, 85, 3),
  (19, 86, 4),
  (19, 82, null),
  (20, 87, 1),
  (20, 89, 2),
  (20, 88, null);
