INSERT INTO emotions (emotion) VALUES
  ("amused"),
  ("sad"),
  ("excited"),
  ("scared"),
  ("inspired"),
  ("weird");

INSERT INTO movies (id, title, overview, poster_path, runtime, release_year) VALUES
  (1, "Captain America: Civil War", "Some description", "rDT86hJCxnoOs4ARjrCiRej7pOi.jpg", 146, 2016),
  (2, "Zootopia", "Some description", "pKop1BcfgHzaN26EnhqLmjVP6LQ.jpg", 108, 2016),
  (3, "Star Wars: The Force Awakens", "Some description", "weUSwMdQIa3NaXVzwUoIIcAi85d.jpg", 136, 2015),
  (4, "Mad Max: Fury Road", "Some description", "sARK4uNacjUY4ACu0QjQPG0OUmW.jpg", 120, 2015),
  (5, "The Boy", "Some description", "nY8jTN68Mhdqu06U9qtqIHr5o85.jpg", 97, 2016),
  (6, "The Notebook", "Some description", "gMfstesBXKdsHToAUXVPHujUDfb.jpg", 123, 2004),
  (7, "Titanic", "Some description", "f9iH7Javzxokvnkiz2yHD1dcmUy.jpg", 194, 1998),
  (8, "Raiders of the Lost Ark", "Some description", "44sKJOGP3fTm4QXBcIuqu0RkdP7.jpg", 115, 1981),
  (9, "Rush", "Some description", "cjEepHZOZAwmK6nAj5jis6HV75E.jpg", 123, 2013),
  (10, "The Human Centipede (The First Sequence)", "Some description", "rhy5WMyLVmYQ9PfEM60pg25E3TL.jpg", 92, 2009),
  (11, "(500) Days of Summer", "Some description", "5SjtNPD1bb182vzQccvEUpXHFjN.jpg", 95, 2009),
  (12, "Spectre", "Some description", "jR9tBigjRLIwDdycTc8LQZQYAtl.jpg", 148, 2015),
  (13, "Silver Linings Playbook", "Some description", "ilrZAV2klTB0FLxLb01bOp5pzD9.jpg", 122, 2012),
  (14, "The Hangover", "Some description", "eshEkiG7NmU4ekA8CtpIdYiYufZ.jpg", 100, 2009),
  (15, "Ghostbusters", "Some description", "3FS3oBdorgczgfCkFi2u8ZTFfpS.jpg", 107, 1984),
  (16, "Deadpool", "Some description", "inVq3FRqcYIRl2la8iZikYYxFNR.jpg", 108, 2016),
  (17, "The Hunger Games", "Some description", "iLJdwmzrHFjFwI5lvYAT1gcpRuA.jpg", 142, 2012),
  (18, "Frozen", "Some description", "jIjdFXKUNtdf1bwqMrhearpyjMj.jpg", 102, 2013),
  (19, "The Dark Knight", "Some description", "1hRoyzDtpgMU7Dz4JF22RANzQO7.jpg", 152, 2008),
  (20, "Before Sunrise", "Some description", "9NBjDNPHA6SkThIweOs8iCfsA8a.jpg", 105, 1995);

INSERT INTO reviews (movie_id, emotion_id, review_date) VALUES
  (1, 3, "2016-07-04"),
  (20, 6, "2004-05-22"),
  (2, 1, "2016-03-12"),
  (19, 3, "2009-08-19"),
  (3, 3, "2015-12-25"),
  (18, 2, "2014-01-30"),
  (4, 5, "2015-12-15"),
  (17, 5, "2013-12-13"),
  (5, 5, "2016-04-07"),
  (16, 4, "2016-02-14"),
  (6, 2, "2012-07-23"),
  (15, 4, "2014-05-28"),
  (7, 2, "2005-06-16"),
  (14, 6, "2009-06-20"),
  (8, 3, "1982-06-12"),
  (13, 4, "2012-12-30"),
  (9, 6, "2013-10-17"),
  (12, 3, "2015-12-14"),
  (10, 2, "2009-06-21"),
  (11, 4, "2009-07-28"),
  (16, 3, "2016-03-30"),
  (3, 1, "2016-02-20");

INSERT INTO persons (id, full_name) VALUES
  (1, "Ryan Gosling"),
  (2, "Robert Downey Jr."),
  (3, "Chris Evans"),
  (4, "Scarlett Johansson"),
  (5, "Sebastian Stan"),
  (6, "Ryan Reynolds"),
  (7, "Morena Baccarin"),
  (8, "T.J. Miller"),
  (9, "Ed Skrein"),
  (10, "Ginnifer Goodwin"),
  (11, "Jason Bateman"),
  (12, "Idris Elba"),
  (13, "Shakira"),
  (14, "Daisy Ridley"),
  (15, "John Boyega"),
  (16, "Adam Driver"),
  (17, "Harrison Ford"),
  (18, "J.J. Abrams"),
  (19, "Byron Howard"),
  (20, "Rich Moore"),
  (21, "Jared Bush"),
  (22, "Anthony Russo"),
  (23, "Joe Russo"),
  (24, "Tim Miller"),
  (25, "Rachel McAdams"),
  (26, "Gena Rowlands"),
  (27, "Nick Cassavetes"),
  (28, "Tom Hardy"),
  (29, "Charlize Theron"),
  (30, "Hugh Keays-Byrne"),
  (31, "Nicholas Hoult"),
  (32, "George Miller"),
  (33, "Lauren Cohan"),
  (34, "Rupert Evans"),
  (35, "William Brent Bell"),
  (36, "Kate Winslet"),
  (37, "Leonardo DiCaprio"),
  (38, "Frances Fisher"),
  (39, "James Cameron"),
  (40, "Karen Allen"),
  (41, "Paul Freeman"),
  (42, "Steven Spielberg"),
  (43, "Daniel Brühl"),
  (44, "Chris Hemsworth"),
  (45, "Olivia Wilde"),
  (46, "Ron Howard"),
  (47, "Dieter Laser"),
  (48, "Ashley C. Williams"),
  (49, "Ashlynn Yennie"),
  (50, "Marc Webb"),
  (51, "Joseph Gordon-Levitt"),
  (52, "Zooey Deschanel"),
  (53, "Chloë Grace Moretz"),
  (54, "Geoffrey Arend"),
  (55, "Daniel Craig"),
  (56, "Sam Mendes"),
  (57, "Christoph Waltz"),
  (58, "Lea Seydoux"),
  (59, "Ralph Fiennes"),
  (60, "David O. Russell"),
  (61, "Bradley Cooper"),
  (62, "Jennifer Lawrence"),
  (63, "Robert De Niro"),
  (64, "Ed Helms"),
  (65, "Zach Galifianakis"),
  (66, "Justin Bartha"),
  (67, "Todd Phillips"),
  (68, "Bill Murray"),
  (69, "Ivan Reitman"),
  (70, "Dan Aykroyd"),
  (71, "Sigourney Weaver"),
  (72, "Gary Ross"),
  (73, "Josh Hutcherson"),
  (74, "Liam Hemsworth"),
  (75, "Woody Harrelson"),
  (76, "Chris Buck"),
  (77, "Jennifer Lee"),
  (78, "Kristen Bell"),
  (79, "Idina Menzel"),
  (80, "Jonathan Groff"),
  (81, "Josh Gad"),
  (82, "Christopher Nolan"),
  (83, "Christian Bale"),
  (84, "Heath Ledger"),
  (85, "Aaron Eckhart"),
  (86, "Michael Caine"),
  (87, "Ethan Hawke"),
  (88, "Richard Linklater"),
  (89, "Julie Delpy"),
  (90, "Tim Six");

INSERT INTO movie_persons (movie_id, person_id, credit_order) VALUES
  (1, 2, 1),
  (1, 3, 2),
  (1, 4, 3),
  (1, 5, 4),
  (1, 22, 0),
  (1, 23, 0),
  (2, 10, 1),
  (2, 11, 2),
  (2, 12, 3),
  (2, 13, 4),
  (2, 19, 0),
  (2, 20, 0),
  (2, 21, 0),
  (3, 14, 1),
  (3, 15, 2),
  (3, 16, 3),
  (3, 17, 4),
  (3, 18, 0),
  (4, 28, 1),
  (4, 29, 2),
  (4, 30, 3),
  (4, 31, 4),
  (4, 32, 0),
  (5, 33, 1),
  (5, 34, 1),
  (5, 35, 0),
  (6, 1, 1),
  (6, 25, 2),
  (6, 26, 3),
  (6, 27, 0),
  (7, 36, 1),
  (7, 37, 2),
  (7, 38, 3),
  (7, 39, 0),
  (8, 17, 1),
  (8, 40, 2),
  (8, 41, 3),
  (8, 42, 0),
  (9, 43, 1),
  (9, 44, 2),
  (9, 45, 3),
  (9, 46, 0),
  (10, 47, 1),
  (10, 48, 2),
  (10, 49, 3),
  (10, 90, 0),
  (11, 51, 1),
  (11, 52, 2),
  (11, 53, 3),
  (11, 54, 4),
  (11, 50, 0),
  (12, 55, 1),
  (12, 57, 2),
  (12, 58, 3),
  (12, 59, 4),
  (12, 56, 0),
  (13, 61, 1),
  (13, 62, 2),
  (13, 63, 3),
  (13, 60, 0),
  (14, 61, 1),
  (14, 64, 2),
  (14, 65, 3),
  (14, 66, 4),
  (14, 67, 0),
  (15, 68, 1),
  (15, 70, 2),
  (15, 71, 3),
  (15, 69, 0),
  (16, 6, 1),
  (16, 7, 1),
  (16, 8, 1),
  (16, 9, 1),
  (16, 24, 0),
  (17, 62, 1),
  (17, 73, 2),
  (17, 74, 3),
  (17, 75, 4),
  (17, 72, 0),
  (18, 78, 1),
  (18, 79, 2),
  (18, 80, 3),
  (18, 81, 4),
  (18, 76, 0),
  (18, 77, 0),
  (19, 83, 1),
  (19, 84, 2),
  (19, 85, 3),
  (19, 86, 4),
  (19, 82, 0),
  (20, 87, 1),
  (20, 89, 2),
  (20, 88, 0);
